0,39,42
1,39,44
2,39,44
3,39,43
4,39,44
5,39,44
6,39,43
7,39,43
8,39,42
9,39,42
10,39,42
11,39,42
12,39,42
13,39,43
14,39,43
15,39,44
16,39,44
17,39,44
18,39,107
19,39,109
20,25,109
21,24,109
22,25,109
23,25,108
24,25,108
25,25,109
26,25,109
27,25,99
28,25,109
29,25,97
30,25,106
31,25,109
32,25,100
33,25,93
34,25,98
35,25,105
36,25,109
37,25,109
38,25,109
39,25,109
40,25,109
41,25,109
42,25,109
43,25,109
44,25,109
45,25,469
46,25,691
47,25,691
48,25,691
49,25,691
50,25,691
51,25,691
52,25,691
53,25,691
54,25,691
55,25,653
56,25,171
57,25,109
58,25,545
59,25,691
60,25,691
61,25,691
62,25,691
63,25,691
64,25,691
65,25,691
66,25,691
67,25,691
68,25,691
69,25,358
70,25,109
71,25,109
72,25,109
73,25,109
74,25,109
75,25,469
76,25,691
77,25,691
78,25,691
79,25,358
80,25,109
81,25,109
82,25,109
83,25,109
84,25,109
85,25,358
86,25,691
87,25,691
88,25,691
89,25,691
90,25,691
91,25,691
92,25,691
93,25,691
94,25,691
95,25,653
96,25,170
97,25,109
98,25,170
99,25,653
100,25,691
101,25,691
102,25,691
103,25,691
104,25,691
105,25,691
106,25,691
107,25,691
108,25,653
109,25,170
110,25,109
111,25,109
112,25,109
113,24,109
114,24,109
115,24,109
116,25,109
117,25,109
118,25,109
119,25,101
120,25,95
121,25,93
122,25,106
123,25,109
124,25,101
125,25,106
126,25,105
127,25,109
128,25,101
129,25,106
130,25,109
131,25,109
132,25,105
133,25,109
134,31,109
135,39,109
136,39,86
137,40,44
138,40,44
139,40,44
140,39,43
141,39,43
142,39,44
143,39,44
144,40,45
145,40,45
146,40,45
147,41,47
148,40,47
149,40,45
150,40,45
151,41,45
152,41,45
153,42,45
154,41,45
155,40,45
156,40,45
157,42,45
158,39,45
159,39,45
160,40,45
161,42,44
162,42,44
163,42,45
164,42,45
165,42,45
166,42,45
167,42,45
168,42,46
169,42,46
170,42,46
171,42,46
172,42,46
173,43,46
174,43,47
175,43,47
176,42,47
177,43,47
178,42,45
179,42,68
180,42,409
181,42,510
182,43,510
183,43,510
184,43,510
185,43,510
186,43,510
187,43,510
188,43,510
189,43,510
190,43,510
191,44,461
192,44,93
193,45,49
194,45,49
195,45,49
196,45,49
197,45,49
198,45,49
199,45,49
200,45,48
201,45,48
202,45,48
203,45,48
204,45,48
205,45,49
206,43,49
207,43,95
208,45,461
209,45,510
210,46,510
211,45,510
212,45,510
213,45,510
214,45,510
215,45,510
216,45,510
217,45,485
218,45,150
219,45,51
220,45,50
221,45,50
222,45,50
223,45,52
224,45,51
225,46,51
226,46,51
227,46,51
228,46,51
229,47,50
230,46,50
231,47,50
232,47,52
233,47,52
234,47,52
235,47,357
236,48,510
237,48,510
238,48,510
239,48,510
240,48,510
241,48,510
242,48,510
243,48,510
244,48,510
245,48,461
246,48,97
247,48,51
248,48,152
249,48,485
250,48,510
251,48,409
252,48,510
253,48,510
254,48,510
255,48,510
256,48,510
257,48,510
258,48,282
259,48,54
260,48,54
261,49,54
262,49,358
263,48,510
264,48,434
265,48,485
266,48,510
267,48,510
268,48,510
269,48,510
270,48,510
271,48,462
272,48,100
273,48,55
274,48,55
275,50,206
276,48,510
277,48,510
278,48,510
279,48,510
280,50,510
281,50,510
282,51,510
283,51,510
284,51,510
285,51,282
286,51,57
287,51,56
288,51,56
289,51,56
290,49,56
291,49,56
292,49,55
293,53,56
294,53,56
295,53,57
296,53,57
297,53,56
298,53,56
299,53,57
300,53,57
301,53,57
302,53,57
303,53,57
304,53,56
305,53,57
306,53,359
307,53,510
308,52,359
309,52,56
310,51,55
311,51,55
312,51,57
313,51,57
314,53,57
315,53,57
316,53,57
317,53,58
318,53,58
319,53,59
320,53,59
321,53,57
322,53,60
323,53,60
324,53,57
325,53,57
326,54,57
327,55,60
328,55,208
329,55,510
330,55,510
331,56,510
332,56,510
333,54,510
334,53,510
335,53,510
336,53,510
337,53,510
338,55,510
339,57,510
340,57,284
341,57,61
342,57,61
343,56,60
344,56,61
345,56,61
346,56,62
347,56,62
348,57,63
349,57,63
350,57,61
351,57,62
352,57,63
353,58,62
354,58,62
355,58,61
356,58,285
357,58,510
358,59,510
359,59,510
360,58,510
361,59,510
362,59,510
363,59,510
364,59,510
365,60,510
366,60,362
367,58,63
368,59,63
369,59,63
370,59,63
371,59,63
372,59,64
373,59,63
374,59,63
375,59,63
376,59,63
377,59,63
378,59,63
379,58,63
380,58,63
381,58,63
382,59,63
383,60,161
384,60,485
385,60,510
386,60,510
387,59,510
388,60,510
389,60,510
390,60,510
391,60,510
392,60,510
393,60,510
394,61,287
395,61,64
396,61,64
397,61,362
398,62,510
399,61,510
400,61,485
401,62,510
402,60,510
403,60,510
404,60,510
405,60,510
406,62,464
407,62,109
408,62,66
409,62,66
410,62,163
411,62,485
412,62,485
413,63,389
414,63,510
415,63,510
416,62,510
417,62,510
418,62,510
419,62,510
420,62,288
421,62,66
422,62,66
423,62,88
424,64,412
425,64,510
426,65,510
427,64,510
428,63,510
429,63,510
430,63,510
431,63,510
432,63,510
433,63,463
434,63,109
435,63,67
436,64,67
437,63,67
438,64,68
439,64,69
440,64,70
441,64,69
442,65,69
443,65,69
444,63,69
445,63,70
446,63,70
447,63,70
448,63,70
449,63,70
450,63,70
451,64,70
452,65,69
453,65,69
454,64,70
455,64,71
456,64,71
457,66,70
458,65,70
459,65,70
460,65,70
461,66,70
462,66,71
463,66,70
464,66,70
465,66,70
466,66,70
467,65,70
468,65,70
469,65,69
470,65,71
471,65,71
472,65,70
473,65,70
474,65,70
475,66,72
476,66,72
477,66,71
478,66,70
479,65,71
480,66,71
481,67,71
482,66,71
483,66,70
484,66,70
485,66,70
486,67,71
487,67,71
488,67,72
489,67,73
490,67,72
491,67,72
492,65,72
493,65,72
494,65,71
495,67,71
496,67,71
497,66,71
498,66,71
499,67,72
500,68,72
501,68,72
502,68,72
503,67,72
504,67,71
505,67,71
506,68,72
507,68,72
508,68,72
509,67,71
510,67,71
511,67,72
512,67,72
513,67,71
514,67,72
515,68,72
516,68,72
517,68,72
518,68,73
519,68,73
520,68,71
521,68,71
522,68,72
523,69,72
524,69,72
525,69,72
526,67,72
527,67,72
528,67,72
529,69,72
530,69,72
531,68,73
532,69,73
533,70,73
534,69,73
535,69,73
536,69,73
537,69,73
538,69,73
539,69,73
540,68,73
541,68,73
542,68,73
543,68,73
544,68,73
545,68,74
546,69,74
547,69,74
548,69,74
549,70,75
550,69,73
551,69,73
552,69,73
553,70,73
554,70,73
555,70,74
556,70,75
557,70,74
558,70,74
559,70,74
560,72,75
561,71,75
562,71,77
563,72,77
564,72,75
565,71,75
566,72,76
567,72,75
568,72,75
569,72,76
570,73,76
571,73,76
572,73,76
573,73,76
574,71,76
575,70,76
576,70,76
577,73,76
578,73,76
579,73,76
580,73,76
581,74,77
582,74,77
583,73,79
584,73,77
585,73,77
586,72,76
587,72,77
588,72,77
589,73,80
590,73,80
591,73,78
592,73,78
593,73,78
594,73,76
595,72,76
596,74,77
597,74,77
598,73,78
599,73,78
600,73,77
601,73,77
602,73,77
603,73,78
604,73,78
605,73,79
606,73,79
607,73,79
608,73,79
609,73,79
610,73,79
611,73,79
612,73,79
613,73,80
614,73,80
615,73,80
616,73,80
617,73,81
618,74,81
619,73,81
620,73,84
621,73,84
622,74,81
623,75,81
624,76,81
625,76,81
626,76,81
627,76,81
628,77,81
629,76,81
630,77,82
631,77,82
632,77,82
633,77,82
634,77,83
635,77,81
636,77,81
637,77,81
638,77,81
639,76,81
640,76,81
641,76,81
642,77,81
643,77,82
644,77,83
645,77,82
646,77,82
647,77,83
648,77,83
649,76,83
650,76,83
651,76,83
652,76,84
653,76,84
654,76,84
655,76,84
656,76,85
657,78,84
658,79,84
659,77,86
660,77,86
661,77,84
662,78,84
663,76,84
664,76,82
665,77,82
666,76,82
667,75,83
668,75,83
669,76,83
670,75,84
671,74,84
672,74,83
673,73,81
674,72,81
675,72,81
676,73,82
677,73,82
678,75,82
679,76,82
680,76,82
681,76,84
682,76,84
683,77,82
684,77,82
685,77,82
686,77,82
687,76,82
688,75,82
689,75,82
690,75,82
691,75,83
692,75,83
693,75,81
694,74,81
695,74,81
696,73,80
697,73,80
698,73,80
699,72,80
700,72,82
701,72,82
702,71,81
703,71,81
704,71,81
705,72,81
706,72,81
707,71,80
708,71,80
709,71,80
710,71,79
711,71,79
712,71,79
713,72,80
714,72,80
715,72,80
716,73,80
717,73,81
718,73,81
719,73,81
720,73,81
721,74,82
722,74,82
723,74,82
724,74,82
725,74,82
726,72,82
727,72,81
728,72,81
729,71,79
730,71,79
731,73,79
732,73,80
733,74,80
734,74,81
735,75,81
736,74,80
737,74,82
738,74,82
739,74,81
740,74,81
741,74,80
742,75,79
743,75,79
744,74,79
745,74,79
746,74,79
747,74,80
748,73,80
749,73,82
750,73,82
751,75,80
752,76,81
753,75,80
754,73,79
755,72,79
756,72,79
757,74,79
758,75,80
759,74,80
760,74,81
761,74,81
762,74,81
763,74,80
764,74,81
765,74,81
766,75,82
767,75,82
768,75,81
769,75,80
770,75,81
771,75,83
772,75,83
773,75,85
774,75,83
775,75,82
776,75,82
777,75,82
778,75,82
779,75,82
780,75,83
781,75,85
782,75,85
783,76,85
784,76,84
785,76,84
786,76,84
787,76,85
788,78,84
789,78,84
790,77,85
791,77,85
792,77,85
793,78,85
794,79,85
795,79,85
796,79,85
797,80,86
798,79,84
799,79,84
800,79,84
801,79,84
802,81,86
803,81,86
804,81,86
805,81,87
806,81,87
807,81,86
808,81,86
809,82,87
810,84,87
811,84,87
812,84,87
813,84,87
814,85,87
815,85,88
816,85,88
817,85,89
818,84,89
819,84,89
820,84,89
821,84,90
822,84,91
823,85,91
824,87,92
825,87,91
826,87,91
827,87,93
828,86,93
829,86,93
830,86,94
831,85,96
832,85,94
833,85,94
834,88,92
835,88,92
836,88,92
837,88,92
838,89,93
839,88,93
840,89,94
841,89,95
842,89,97
843,89,97
844,92,97
845,91,96
846,90,95
847,92,96
848,91,95
849,88,95
850,89,95
851,87,95
852,87,95
853,89,97
854,91,97
855,89,96
856,89,97
857,90,97
858,91,96
859,90,96
860,90,96
861,91,96
862,91,96
863,91,96
864,91,96
865,90,96
866,90,95
867,90,95
868,90,95
869,88,95
870,88,95
871,90,96
872,90,96
873,90,96
874,92,96
875,92,97
876,90,97
877,90,96
878,90,96
879,90,96
880,90,97
881,91,97
882,91,97
883,90,97
884,90,97
885,90,97
886,90,97
887,90,98
888,90,98
889,90,98
890,90,99
891,89,99
892,89,100
893,90,99
894,90,99
895,89,99
896,89,99
897,90,99
898,90,101
899,89,100
900,89,101
901,89,102
902,90,103
903,90,103
904,90,105
905,90,107
906,90,106
907,90,105
908,90,105
909,90,103
910,90,103
911,90,103
912,90,104
913,90,104
914,91,106
915,91,106
916,90,106
917,90,103
918,90,103
919,90,103
920,90,102
921,90,102
922,89,102
923,89,101
924,89,103
925,89,103
926,91,103
927,91,103
928,91,102
929,91,103
930,91,103
931,91,104
932,91,104
933,90,105
934,90,107
935,90,107
936,92,108
937,91,108
938,91,108
939,91,108
940,91,106
941,91,105
942,91,105
943,91,104
944,91,104
945,91,104
946,93,104
947,93,104
948,93,102
949,93,102
950,92,101
951,92,101
952,92,101
953,93,102
954,92,102
955,92,104
956,93,104
957,91,104
958,91,104
959,93,104
960,93,102
961,93,101
962,93,101
963,94,103
964,93,103
965,93,104
966,94,104
967,94,105
968,96,107
969,96,107
970,96,108
971,96,108
972,98,108
973,98,109
974,97,110
975,97,111
976,99,111
977,100,112
978,100,112
979,101,113
980,102,114
981,102,113
982,102,113
983,102,113
984,42,113
985,37,112
986,37,111
987,37,112
988,37,112
989,37,113
990,37,114
991,37,114
992,37,113
993,37,113
994,37,113
995,37,112
996,37,111
997,37,111
998,37,110
999,37,109
1000,37,109
1001,37,109
1002,37,109
1003,37,109
1004,37,109
1005,37,109
1006,37,109
1007,37,109
1008,37,109
1009,37,109
1010,37,109
1011,37,109
1012,37,407
1013,37,510
1014,37,510
1015,37,510
1016,37,510
1017,37,510
1018,37,510
1019,37,510
1020,37,510
1021,37,510
1022,37,510
1023,37,352
1024,37,109
1025,37,109
1026,37,275
1027,37,510
1028,37,510
1029,37,510
1030,37,510
1031,37,510
1032,37,510
1033,37,510
1034,37,510
1035,37,483
1036,37,142
1037,37,109
1038,37,109
1039,37,461
1040,37,510
1041,37,510
1042,37,510
1043,37,510
1044,37,510
1045,37,510
1046,37,510
1047,37,510
1048,37,510
1049,37,461
1050,37,109
1051,37,109
1052,37,109
1053,37,276
1054,37,510
1055,37,510
1056,37,510
1057,37,510
1058,37,510
1059,37,510
1060,37,510
1061,37,510
1062,37,510
1063,37,197
1064,37,109
1065,38,109
1066,38,109
1067,39,407
1068,40,510
1069,40,457
1070,40,510
1071,40,510
1072,40,510
1073,40,510
1074,40,510
1075,40,510
1076,40,353
1077,40,109
1078,40,109
1079,40,109
1080,40,276
1081,40,510
1082,40,510
1083,40,510
1084,40,510
1085,40,510
1086,40,510
1087,40,510
1088,40,510
1089,40,510
1090,40,197
1091,40,109
1092,40,109
1093,40,353
1094,40,510
1095,39,378
1096,39,510
1097,39,510
1098,40,510
1099,40,461
1100,40,484
1101,40,510
1102,40,510
1103,40,510
1104,40,276
1105,40,109
1106,40,109
1107,40,276
1108,40,510
1109,40,510
1110,41,510
1111,41,510
1112,41,510
1113,41,510
1114,41,510
1115,41,510
1116,41,510
1117,41,199
1118,41,109
1119,42,109
1120,42,109
1121,42,461
1122,42,510
1123,42,510
1124,41,510
1125,41,510
1126,41,510
1127,41,510
1128,42,510
1129,42,510
1130,42,353
1131,42,109
1132,42,109
1133,42,109
1134,41,278
1135,41,510
1136,41,510
1137,41,510
1138,41,510
1139,41,510
1140,41,510
1141,41,510
1142,40,510
1143,40,510
1144,40,208
1145,40,109
1146,40,109
1147,40,109
1148,40,109
1149,40,109
1150,40,109
1151,40,109
1152,40,109
1153,41,109
1154,41,109
1155,41,109
1156,41,109
1157,41,109
1158,41,109
1159,41,109
1160,41,109
1161,41,202
1162,41,510
1163,41,510
1164,41,510
1165,41,510
1166,41,510
1167,41,510
1168,41,510
1169,41,510
1170,40,510
1171,40,199
1172,40,109
1173,41,109
1174,41,109
1175,40,278
1176,40,510
1177,40,457
1178,40,407
1179,40,510
1180,40,510
1181,40,510
1182,40,510
1183,39,510
1184,39,484
1185,39,145
1186,40,109
1187,40,109
1188,40,276
1189,40,510
1190,40,510
1191,40,510
1192,40,510
1193,38,510
1194,37,510
1195,37,510
1196,37,510
1197,37,510
1198,37,199
1199,37,109
1200,37,109
1201,37,109
1202,37,407
1203,37,510
1204,37,457
1205,37,510
1206,37,510
1207,37,510
1208,37,510
1209,37,510
1210,37,510
1211,37,354
1212,37,109
1213,38,109
1214,39,109
1215,40,277
1216,40,510
1217,38,510
1218,37,510
1219,38,510
1220,38,510
1221,37,510
1222,37,510
1223,37,510
1224,38,510
1225,38,202
1226,39,109
1227,40,109
1228,40,109
1229,40,461
1230,40,510
1231,40,510
1232,40,510
1233,40,510
1234,40,510
1235,40,510
1236,40,510
1237,40,510
1238,40,409
1239,40,109
1240,40,109
1241,40,109
1242,40,109
1243,41,109
1244,41,109
1245,41,109
1246,40,109
1247,40,109
1248,40,109
1249,41,109
1250,41,109
1251,41,109
1252,41,109
1253,41,109
1254,41,109
1255,41,353
1256,41,510
1257,41,510
1258,42,510
1259,42,510
1260,42,510
1261,42,510
1262,42,510
1263,42,510
1264,43,510
1265,43,510
1266,43,278
1267,43,109
1268,44,109
1269,44,279
1270,44,510
1271,44,510
1272,44,510
1273,44,510
1274,44,510
1275,45,510
1276,45,510
1277,45,510
1278,46,510
1279,46,205
1280,46,109
1281,46,109
1282,46,109
1283,46,410
1284,46,510
1285,46,436
1286,45,510
1287,45,510
1288,45,510
1289,46,510
1290,46,510
1291,47,510
1292,47,411
1293,47,109
1294,48,109
1295,48,109
1296,49,289
1297,49,510
1298,50,510
1299,50,510
1300,50,510
1301,50,510
1302,51,510
1303,52,510
1304,52,510
1305,52,510
1306,52,510
1307,52,219
1308,52,109
1309,54,112
1310,55,463
1311,55,510
1312,55,510
1313,56,510
1314,57,510
1315,57,510
1316,57,510
1317,57,510
1318,57,510
1319,60,464
1320,61,118
1321,62,109
1322,64,109
1323,64,294
1324,64,510
1325,64,510
1326,65,510
1327,66,510
1328,66,510
1329,69,510
1330,69,510
1331,71,510
1332,73,510
1333,72,227
1334,72,109
1335,73,109
1336,74,109
1337,75,109
1338,77,109
1339,77,109
1340,77,109
1341,77,109
1342,78,109
1343,78,109
1344,78,109
1345,78,109
1346,78,109
1347,78,109
1348,78,109
1349,80,109
1350,80,109
1351,80,230
1352,80,510
1353,81,510
1354,81,510
1355,81,510
1356,80,510
1357,80,510
1358,79,466
1359,79,126
1360,81,109
1361,82,109
1362,79,109
1363,77,109
1364,77,109
1365,78,109
1366,77,109
1367,76,109
1368,76,109
1369,77,109
1370,77,109
1371,77,109
1372,77,109
1373,77,109
1374,77,109
1375,77,109
1376,77,109
1377,74,295
1378,74,510
1379,73,510
1380,72,510
1381,71,510
1382,71,510
1383,71,510
1384,68,510
1385,68,510
1386,66,510
1387,65,221
1388,65,109
1389,64,109
1390,63,118
1391,63,464
1392,63,510
1393,63,510
1394,63,510
1395,63,510
1396,63,510
1397,63,510
1398,63,510
1399,63,510
1400,61,411
1401,61,109
1402,60,109
1403,60,109
1404,60,287
1405,60,510
1406,61,510
1407,60,510
1408,60,510
1409,60,510
1410,61,510
1411,61,510
1412,60,510
1413,60,510
1414,60,213
1415,60,109
1416,60,109
1417,62,109
1418,62,463
1419,62,510
1420,62,510
1421,62,510
1422,62,510
1423,62,510
1424,62,510
1425,61,510
1426,61,510
1427,61,360
1428,60,109
1429,60,109
1430,60,412
1431,60,510
1432,60,510
1433,61,510
1434,61,510
1435,61,510
1436,62,510
1437,62,510
1438,61,510
1439,60,510
1440,60,510
1441,60,485
1442,60,163
1443,60,109
1444,60,111
1445,61,463
1446,60,510
1447,60,510
1448,59,510
1449,59,510
1450,58,510
1451,57,510
1452,57,510
1453,58,510
1454,58,412
1455,58,109
1456,57,109
1457,57,109
1458,57,109
1459,57,109
1460,57,109
1461,57,109
1462,57,109
1463,57,109
1464,57,109
1465,57,109
1466,57,109
1467,57,109
1468,57,109
1469,57,109
1470,57,109
1471,57,109
1472,57,411
1473,57,510
1474,57,510
1475,55,510
1476,55,510
1477,55,510
1478,55,510
1479,54,510
1480,54,510
1481,54,463
1482,54,109
1483,53,109
1484,52,109
1485,50,211
1486,50,510
1487,50,463
1488,50,410
1489,51,510
1490,51,510
1491,52,510
1492,52,510
1493,52,510
1494,51,485
1495,50,157
1496,50,109
1497,50,109
1498,50,109
1499,49,284
1500,49,510
1501,49,457
1502,48,409
1503,48,510
1504,48,510
1505,48,510
1506,48,510
1507,47,510
1508,46,485
1509,46,148
1510,46,109
1511,45,109
1512,45,279
1513,45,510
1514,45,510
1515,44,510
1516,44,510
1517,44,510
1518,44,510
1519,43,510
1520,42,510
1521,42,510
1522,42,203
1523,42,109
1524,42,109
1525,42,356
1526,42,510
1527,42,379
1528,42,510
1529,42,510
1530,42,510
1531,41,461
1532,41,484
1533,41,510
1534,41,510
1535,40,510
1536,40,279
1537,40,109
1538,40,109
1539,40,277
1540,40,510
1541,40,510
1542,41,510
1543,41,510
1544,41,510
1545,41,510
1546,40,510
1547,40,510
1548,40,510
1549,40,199
1550,40,109
1551,40,109
1552,40,109
1553,40,109
1554,40,109
1555,40,109
1556,40,109
1557,40,109
1558,40,109
1559,40,109
1560,40,109
1561,41,109
1562,41,111
1563,40,114
1564,41,119
1565,41,125
1566,41,134
1567,42,139
1568,42,143
1569,42,144
1570,42,144
1571,42,144
1572,42,144
1573,42,144
1574,42,143
1575,41,144
1576,41,145
1577,46,148
1578,109,148
1579,116,147
1580,126,147
1581,126,148
1582,125,148
1583,124,149
1584,123,150
1585,123,150
1586,122,151
1587,122,152
1588,122,153
1589,122,155
1590,121,154
1591,122,154
1592,122,155
1593,123,156
1594,124,155
1595,124,157
1596,121,159
1597,120,160
1598,120,166
1599,119,171
1600,119,174
1601,119,179
1602,120,179
1603,122,177
1604,123,174
1605,123,170
1606,124,169
1607,123,165
1608,121,151
1609,119,149
1610,113,146
1611,112,143
1612,112,139
1613,114,135
1614,114,132
1615,117,129
1616,114,126
1617,114,125
1618,113,123
1619,113,123
1620,113,126
1621,110,123
1622,110,123
1623,109,122
1624,107,121
1625,107,120
1626,107,120
1627,105,120
1628,105,120
1629,105,120
1630,105,120
1631,106,119
1632,105,117
1633,103,115
1634,103,113
1635,103,112
1636,103,112
1637,102,111
1638,100,109
1639,100,109
1640,99,107
1641,97,107
1642,97,107
1643,97,107
1644,95,107
1645,95,104
1646,96,104
1647,96,104
1648,97,104
1649,97,104
1650,95,103
1651,94,102
1652,94,102
1653,95,101
1654,95,101
1655,94,99
1656,94,99
1657,94,100
1658,93,100
1659,93,99
1660,94,99
1661,94,99
1662,94,101
1663,94,101
1664,93,100
1665,93,100
1666,93,99
1667,93,99
1668,93,99
1669,93,97
1670,93,97
1671,93,96
1672,91,96
1673,92,96
1674,92,96
1675,92,96
1676,91,95
1677,91,96
1678,89,97
1679,89,96
1680,90,96
1681,89,95
1682,89,95
1683,89,94
1684,89,93
1685,89,93
1686,89,93
1687,89,93
1688,88,93
1689,88,92
1690,88,92
1691,88,91
1692,88,91
1693,88,91
1694,89,91
1695,89,92
1696,89,92
1697,89,92
1698,88,93
1699,86,91
1700,86,90
1701,86,91
1702,86,91
1703,86,91
1704,86,91
1705,86,91
1706,86,91
1707,86,91
1708,86,91
1709,86,91
1710,86,91
1711,86,91
1712,84,92
1713,84,92
1714,86,92
1715,85,91
1716,84,89
1717,84,89
1718,84,90
1719,84,90
1720,84,91
1721,84,91
1722,84,90
1723,83,90
1724,84,90
1725,86,91
1726,86,91
1727,87,91
1728,87,92
1729,85,91
1730,85,93
1731,86,93
1732,85,93
1733,85,92
1734,85,92
1735,85,92
1736,85,92
1737,85,92
1738,87,92
1739,87,91
1740,86,90
1741,87,90
1742,84,91
1743,84,91
1744,84,92
1745,84,92
1746,84,94
1747,84,93
1748,84,93
1749,84,92
1750,84,92
1751,84,91
1752,85,90
1753,85,90
1754,85,90
1755,85,90
1756,84,93
1757,84,92
1758,84,92
1759,84,89
1760,84,89
1761,85,89
1762,85,89
1763,85,90
1764,84,88
1765,84,88
1766,83,89
1767,83,89
1768,82,89
1769,78,90
1770,77,88
1771,77,88
1772,77,88
1773,80,86
1774,80,87
1775,80,87
1776,79,86
1777,79,86
1778,78,85
1779,78,84
1780,77,86
1781,78,85
1782,79,86
1783,79,86
1784,79,86
1785,78,86
1786,76,84
1787,76,84
1788,75,84
1789,75,83
1790,75,83
1791,75,82
1792,75,82
1793,75,80
1794,75,80
1795,74,79
1796,74,79
1797,72,80
1798,72,79
1799,71,79
1800,71,79
1801,71,79
1802,71,79
1803,70,79
1804,70,79
1805,71,78
1806,71,78
1807,69,79
1808,69,78
1809,69,77
1810,69,76
1811,68,76
1812,68,75
1813,68,75
1814,66,74
1815,66,75
1816,66,75
1817,67,75
1818,68,75
1819,68,74
1820,66,75
1821,65,76
1822,65,76
1823,65,75
1824,65,75
1825,65,73
1826,65,73
1827,65,72
1828,65,72
1829,65,73
1830,65,73
1831,63,74
1832,63,74
1833,63,74
1834,63,73
1835,63,73
1836,63,73
1837,63,74
1838,63,74
1839,63,73
1840,63,74
1841,63,73
1842,63,72
1843,63,71
1844,63,71
1845,63,71
1846,63,70
1847,63,70
1848,63,70
1849,60,72
1850,60,72
1851,60,71
1852,62,71
1853,62,72
1854,62,71
1855,62,71
1856,62,69
1857,62,69
1858,62,69
1859,63,71
1860,63,71
1861,63,71
1862,63,71
1863,63,70
1864,63,70
1865,61,69
1866,59,69
1867,59,69
1868,60,69
1869,60,68
1870,60,68
1871,60,68
1872,60,68
1873,62,67
1874,62,67
1875,61,67
1876,61,70
1877,60,69
1878,60,69
1879,60,68
1880,60,68
1881,60,68
1882,60,68
1883,60,70
1884,60,70
1885,60,70
1886,60,70
1887,57,68
1888,57,68
1889,57,69
1890,59,69
1891,57,69
1892,57,69
1893,57,69
1894,60,68
1895,60,69
1896,60,69
1897,60,68
1898,60,68
1899,60,68
1900,60,69
1901,60,69
1902,60,69
1903,60,69
1904,60,68
1905,60,67
1906,60,67
1907,60,67
1908,59,67
1909,59,69
1910,59,69
1911,59,70
1912,59,69
1913,59,69
1914,59,68
1915,59,67
1916,60,68
1917,60,67
1918,60,67
1919,60,67
1920,60,67
1921,59,67
1922,57,66
1923,57,66
1924,60,65
1925,60,65
1926,60,65
1927,60,65
1928,57,66
1929,57,67
1930,57,66
1931,57,66
1932,57,66
1933,57,65
1934,57,66
1935,57,66
1936,57,66
1937,57,66
1938,57,64
1939,56,64
1940,56,64
1941,57,63
1942,55,63
1943,55,63
1944,56,64
1945,56,65
1946,56,65
1947,56,65
1948,57,64
1949,55,64
1950,55,64
1951,56,63
1952,56,63
1953,56,63
1954,56,63
1955,54,64
1956,54,63
1957,54,63
1958,54,62
1959,54,61
1960,54,61
1961,54,60
1962,54,62
1963,54,63
1964,54,63
1965,54,61
1966,53,61
1967,53,61
1968,53,62
1969,53,62
1970,54,61
1971,54,61
1972,54,62
1973,54,62
1974,54,62
1975,54,60
1976,54,60
1977,54,60
1978,54,60
1979,54,60
1980,54,60
1981,54,60
1982,52,58
1983,51,57
1984,51,58
1985,51,59
1986,51,59
1987,51,59
1988,51,59
1989,51,60
1990,51,60
1991,51,59
1992,51,59
1993,51,59
1994,51,59
1995,51,59
1996,51,57
1997,51,57
1998,51,57
1999,50,57
2000,50,57
2001,51,57
2002,51,57
2003,50,56
2004,50,57
2005,50,57
2006,51,57
2007,51,57
2008,51,57
2009,50,57
2010,49,57
2011,49,57
2012,49,57
2013,49,57
2014,49,57
2015,49,57
2016,50,56
2017,49,56
2018,48,54
2019,48,54
2020,48,54
2021,48,54
2022,49,54
2023,48,54
2024,48,54
2025,48,54
2026,49,54
2027,48,54
2028,48,54
2029,48,54
2030,47,53
2031,47,53
2032,47,53
2033,48,52
2034,48,52
2035,48,52
2036,48,52
2037,48,52
2038,47,53
2039,47,53
2040,47,53
2041,47,54
2042,47,54
2043,46,52
2044,46,51
2045,46,51
2046,46,51
2047,48,51
2048,48,51
2049,48,51
2050,47,51
2051,47,51
2052,47,51
2053,48,51
2054,48,51
2055,47,52
2056,47,52
2057,47,51
2058,47,53
2059,47,53
2060,47,52
2061,47,52
2062,46,52
2063,46,52
2064,46,52
2065,46,51
2066,46,52
2067,47,53
2068,47,53
2069,47,52
2070,47,52
2071,47,52
2072,47,53
2073,47,53
2074,44,52
2075,44,52
2076,44,52
2077,47,52
2078,47,52
2079,47,52
2080,47,52
2081,46,53
2082,46,53
2083,48,53
2084,47,55
2085,47,55
2086,47,54
2087,48,52
2088,47,52
2089,47,52
2090,47,52
2091,48,51
2092,48,51
2093,47,51
2094,46,51
2095,45,51
2096,45,54
2097,45,54
2098,46,52
2099,46,53
2100,47,53
2101,47,53
2102,47,53
2103,47,53
2104,46,53
2105,46,53
2106,46,53
2107,46,53
2108,45,53
2109,45,52
2110,45,52
2111,46,53
2112,45,53
2113,45,54
2114,45,54
2115,48,55
2116,48,54
2117,48,54
2118,48,54
2119,48,54
2120,48,54
2121,47,54
2122,47,54
2123,48,54
2124,48,54
2125,47,54
2126,47,54
2127,47,54
2128,48,54
2129,48,54
2130,47,54
2131,47,54
2132,46,54
2133,46,56
2134,47,56
2135,48,55
2136,48,55
2137,48,54
2138,48,54
2139,49,54
2140,49,55
2141,49,55
2142,49,55
2143,49,55
2144,49,55
2145,49,56
2146,49,56
2147,49,55
2148,49,55
2149,51,55
2150,51,55
2151,51,55
2152,51,55
2153,51,55
2154,51,55
2155,51,57
2156,51,57
2157,50,56
2158,50,55
2159,50,56
2160,51,57
2161,51,57
2162,51,57
2163,51,57
2164,51,56
2165,51,56
2166,52,55
2167,53,56
2168,53,57
2169,53,56
2170,53,57
2171,53,57
2172,53,57
2173,53,57
2174,52,57
2175,52,57
2176,52,57
2177,51,58
2178,51,58
2179,51,58
2180,51,58
2181,51,58
2182,51,58
2183,51,58
2184,52,58
2185,52,58
2186,52,58
2187,52,58
2188,52,59
2189,51,58
2190,51,58
2191,51,59
2192,51,59
2193,51,60
2194,51,60
2195,51,57
2196,51,59
2197,51,59
2198,51,59
2199,51,59
2200,51,58
2201,51,58
2202,51,58
2203,51,58
2204,51,58
2205,54,58
2206,52,58
2207,52,58
2208,52,59
2209,52,59
2210,53,59
2211,51,60
2212,52,60
2213,52,60
2214,52,60
2215,52,60
2216,52,59
2217,52,59
2218,53,59
2219,53,59
2220,53,59
2221,53,59
2222,53,60
2223,51,59
2224,51,59
2225,51,59
2226,51,59
2227,51,59
2228,51,61
2229,51,61
2230,52,61
2231,53,61
2232,53,61
2233,53,60
2234,53,61
2235,53,60
2236,53,60
2237,53,60
2238,53,60
2239,51,60
2240,51,60
2241,51,60
2242,51,61
2243,51,61
2244,51,60
2245,51,59
2246,51,59
2247,51,59
2248,51,59
2249,51,58
2250,51,58
2251,51,59
2252,51,60
2253,51,60
2254,51,60
2255,51,60
2256,52,60
2257,52,62
2258,52,63
2259,50,62
2260,49,60
2261,49,61
2262,51,60
2263,51,59
2264,51,59
2265,51,59
2266,51,62
2267,51,62
2268,51,64
2269,50,61
2270,50,61
2271,50,61
2272,52,62
2273,52,61
2274,51,61
2275,51,61
2276,51,62
2277,51,62
2278,51,61
2279,52,61
2280,51,61
2281,51,63
2282,52,63
2283,52,63
2284,52,63
2285,54,61
2286,53,60
2287,51,60
2288,51,60
2289,54,60
2290,54,61
2291,53,63
2292,54,63
2293,54,64
2294,54,64
2295,54,63
2296,54,63
2297,54,63
2298,54,62
2299,54,62
2300,54,63
2301,54,63
2302,54,62
2303,54,63
2304,53,63
2305,53,64
2306,53,64
2307,54,63
2308,53,63
2309,53,63
2310,53,65
2311,53,65
2312,53,65
2313,54,65
2314,54,65
2315,54,65
2316,54,65
2317,52,66
2318,51,64
2319,52,63
2320,53,63
2321,53,109
2322,33,109
2323,28,109
2324,28,105
2325,27,109
2326,27,109
2327,27,108
2328,27,102
2329,27,109
2330,27,106
2331,27,106
2332,27,103
2333,27,109
2334,27,106
2335,26,95
2336,27,99
2337,27,104
2338,26,109
2339,26,109
2340,27,109
2341,27,109
2342,27,109
2343,27,109
2344,27,109
2345,27,109
2346,27,109
2347,27,188
2348,27,510
2349,27,510
2350,27,510
2351,27,510
2352,27,510
2353,27,510
2354,28,510
2355,28,510
2356,28,510
2357,28,510
2358,28,510
2359,28,510
2360,28,510
2361,28,510
2362,28,510
2363,28,510
2364,28,510
2365,27,510
2366,27,510
2367,28,109
2368,28,109
2369,28,109
2370,28,109
2371,28,109
2372,28,109
2373,28,109
2374,28,109
2375,28,109
2376,28,109
2377,42,86
2378,28,109
2379,28,109
2380,28,109
2381,28,109
2382,28,109
2383,28,109
2384,28,109
2385,28,109
2386,28,109
2387,28,109
2388,28,109
2389,28,458
2390,28,510
2391,28,510
2392,28,510
2393,28,510
2394,28,510
2395,27,510
2396,27,510
2397,27,510
2398,27,510
2399,28,510
2400,28,510
2401,28,510
2402,28,510
2403,28,510
2404,28,458
2405,28,109
2406,28,109
2407,28,109
2408,28,109
2409,28,109
2410,27,109
2411,28,109
2412,28,109
2413,28,109
2414,28,109
2415,28,109
2416,28,109
2417,28,109
2418,28,109
2419,28,109
2420,28,109
2421,28,109
2422,28,109
2423,28,109
2424,28,109
2425,28,109
2426,28,133
2427,28,482
2428,28,510
2429,28,510
2430,28,510
2431,28,510
2432,28,510
2433,28,510
2434,28,510
2435,28,510
2436,28,510
2437,28,510
2438,28,405
2439,28,109
2440,28,109
2441,28,109
2442,28,109
2443,28,109
2444,28,109
2445,28,109
2446,28,109
2447,27,109
2448,27,109
2449,27,109
2450,28,109
2451,28,109
2452,28,109
2453,28,109
2454,28,109
2455,28,109
2456,28,109
2457,28,109
2458,28,109
2459,28,109
2460,28,109
2461,28,109
2462,28,270
2463,28,510
2464,28,510
2465,28,510
2466,28,510
2467,28,510
2468,28,510
2469,28,510
2470,28,510
2471,28,510
2472,28,510
2473,28,510
2474,28,510
2475,28,510
2476,28,510
2477,28,510
2478,28,109
2479,28,109
2480,28,109
2481,28,109
2482,28,109
2483,28,109
2484,28,109
2485,28,109
2486,28,109
2487,28,109
2488,28,69
2489,28,109
2490,28,109
2491,28,109
2492,28,109
2493,28,109
2494,28,109
2495,28,109
2496,28,109
2497,28,109
2498,28,109
2499,28,109
2500,28,109
2501,28,109
2502,28,405
2503,28,510
2504,28,510
2505,28,510
2506,28,510
2507,28,510
2508,28,510
2509,28,510
2510,28,510
2511,28,510
2512,28,510
2513,28,510
2514,28,510
2515,28,510
2516,28,510
2517,28,510
2518,28,510
2519,28,510
2520,28,109
2521,28,109
2522,28,109
2523,28,109
2524,28,109
2525,28,104
2526,28,98
2527,28,95
2528,28,106
2529,28,109
2530,28,103
2531,28,106
2532,28,106
2533,28,109
2534,28,102
2535,28,108
2536,28,109
2537,28,109
2538,28,105
2539,28,109
2540,34,109
2541,59,109
2542,59,93
2543,59,62
2544,57,62
2545,57,63
2546,57,63
2547,57,63
2548,57,63
2549,57,63
2550,57,61
2551,57,61
2552,57,61
2553,57,61
2554,57,61
2555,57,62
2556,57,62
2557,58,61
2558,57,60
2559,57,60
